{
  "stats": {
    "id": 357,
    "projectId": 275,
    "slug": "azuki",
    "totalSupply": 10000,
    "listedCount": 609,
    "totalOwners": 4145,
    "floorInfo": {
      "currentFloorEth": 6.521,
      "currentFloorOrigin": "blur",
      "currentFloorUsd": 15046.77058,
      "latestFloorTs": 1706966723742,
      "marketplaceSlug": "0xed5af388653567af2f388e6224dc7c4b3241c544",
      "tokenInfo": {
        "blockchain": "ethereum",
        "tokenId": "4803",
        "contract": "0xed5af388653567af2f388e6224dc7c4b3241c544",
        "source": "blur"
      }
    },
    "floorCapEth": 65210,
    "floorCapUsd": 150467710,
    "floorTemporalityEth": {
      "diff24h": 1.7316692667706672,
      "diff7d": -8.515712682379352,
      "diff14d": -6.441893830703011,
      "diff30d": 7.024454291810272,
      "diff90d": 29.92628013548515
    },
    "floorTemporalityUsd": {
      "diff24h": 1.9834064713442696,
      "diff7d": -5.451935642092305,
      "diff14d": -12.504954430888823,
      "diff30d": 11.69700029314336,
      "diff90d": 63.45032713739679
    },
    "salesTemporalityEth": {
      "lowest": {
        "val24h": 6.39,
        "diff24h": 0.6299212598425202,
        "val7d": 5.598,
        "diff7d": -18.986975397973954,
        "val30d": 0.1,
        "diff30d": -83.05084745762711,
        "val90d": 0.1,
        "diff90d": 1349.2753623188405
      },
      "highest": {
        "val24h": 9.6,
        "diff24h": 43.884892086330936,
        "val7d": 20,
        "diff7d": -20,
        "val30d": 95,
        "diff30d": 31.944444444444443,
        "val90d": 95,
        "diff90d": -17.391304347826086
      },
      "average": {
        "val24h": 6.530981855670104,
        "diff24h": 0.8553913636346623,
        "val7d": 6.758914756637172,
        "diff7d": -6.61101325471337,
        "val30d": 6.932708909340344,
        "diff30d": 17.125647003770165,
        "val90d": 6.448431396870576,
        "diff90d": 44.73270900617589
      },
      "volume": {
        "val24h": 1267.0104800000001,
        "diff24h": 5.761869862406075,
        "val7d": 9165.088410000006,
        "diff7d": -25.944171914263936,
        "val30d": 60640.40482999999,
        "diff30d": 58.51640674975891,
        "val90d": 113332.48321,
        "diff90d": 371.8242522669942
      },
      "count": {
        "val24h": 194,
        "diff24h": 4.864864864864865,
        "val7d": 1356,
        "diff7d": -20.701754385964914,
        "val30d": 8747,
        "diff30d": 35.29775715390564,
        "val90d": 17577,
        "diff90d": 225.56028894239674
      }
    },
    "salesTemporalityUsd": {
      "lowest": {
        "val24h": 14693.76724,
        "diff24h": 0.9030700697228141,
        "val7d": 13121.71984,
        "diff7d": -16.38315270754959,
        "val30d": 226.7087,
        "diff30d": -83.68338060125278,
        "val90d": 226.7087,
        "diff90d": 1799.0016174818713
      },
      "highest": {
        "val24h": 22151.35678,
        "diff24h": 45.45752628858987,
        "val7d": 45377.41464,
        "diff7d": -18.509152531259936,
        "val30d": 244712.84983,
        "diff30d": 55.145995027800375,
        "val90d": 244712.84983,
        "diff90d": 27.8370395362396
      },
      "average": {
        "val24h": 15045.145812061855,
        "diff24h": 1.363148641576342,
        "val7d": 15516.9647557817,
        "diff7d": -8.229400409715094,
        "val30d": 16489.05256919858,
        "diff30d": 22.123849051951787,
        "val90d": 14839.494440169397,
        "diff90d": 97.11085427445465
      },
      "volume": {
        "val24h": 2918758.28754,
        "diff24h": 6.29432884576114,
        "val7d": 21041004.208839986,
        "diff7d": -27.227524535423193,
        "val30d": 144229742.82277995,
        "diff30d": 65.2823842683445,
        "val90d": 260806565.97109,
        "diff90d": 542.5050499004379
      },
      "count": {
        "val24h": 194,
        "diff24h": 4.864864864864865,
        "val7d": 1356,
        "diff7d": -20.701754385964914,
        "val30d": 8747,
        "diff30d": 35.29775715390564,
        "val90d": 17577,
        "diff90d": 225.56028894239674
      }
    },
    "updatedAt": "2024-02-03T13:25:37.408Z"
  },
  "details": {
    "name": "Azuki",
    "slug": "azuki",
    "ranking": 8,
    "imageBlur": null,
    "creator": null,
    "parentCollection": { "name": "Chiru Labs", "slug": "chiru-labs" },
    "subCollection": { "name": "Chiru Labs", "slug": "chiru-labs" },
    "types": ["avatar"],
    "blockchain": "ethereum",
    "releaseDate": "2021-12-01",
    "totalSupply": 10000,
    "socialMedia": [
      { "name": "website", "url": "https://www.azuki.com/" },
      { "name": "twitter", "url": "https://twitter.com/azukizen" },
      { "name": "discord", "url": "https://discord.com/invite/azuki" }
    ],
    "contract": "0xed5af388653567af2f388e6224dc7c4b3241c544",